[
    {
        "repo": "FlappyBirdGame",
        "title": "Flappy Bird Game",
        "logo": "assets/projects/bird.png"
    },
    {
        "repo": "PongGame",
        "title": "Pong Game",
        "logo": "assets/projects/pong.jpg"
    },
    {
        "repo": "sudoariel.github.io",
        "title": "My Portfolio",
        "logo": "assets/projects/portfolio.png"
    },
    {
        "repo": "sudoariel.github.io",
        "title": "My Portfolio",
        "logo": "assets/projects/portfolio.png"
    },
    {
        "repo": "OpenGenius-game",
        "title": "OpenGenius",
        "logo": "assets/projects/opengenius.jpg"
    },
    {
        "repo": "PID-controller-for-EV3-with-arduino",
        "title": "PID Controller for Lego EV3",
        "logo": "assets/projects/pid_ev3.jpg"
    },
    {
        "repo": "Self-balancing-robot",
        "title": "Self balancing robot",
        "logo": "assets/projects/robot.jpeg"
    },
    {
        "repo": "Edge-detection-with-quadtree",
        "title": "Quadtree Edge Detection",
        "logo": "assets/projects/quadtree_edge.png"
    },
    {
        "repo": "snakeAI",
        "title": "snakeAI",
        "logo": "assets/projects/snakeAIgame.png"
    },
    {
        "repo": "dsp-audio-effects",
        "title": "DSP Audio Effects",
        "logo": "assets/projects/dsp_audio_effects.png"
    },
    {
        "repo": "dsp-spectrogram-ODF",
        "title": "DSP Spectrogram and ODF",
        "logo": "assets/projects/dsp_spectrogram.png"
    },
    {
        "repo": "dsp-upsampling-downsampling",
        "title": "DSP upsampling and downsampling",
        "logo": "assets/projects/dsp_up_down.png"
    },
    {
        "repo": "dsp-FilterKaiserWindow",
        "title": "DSP Kaiser Filter",
        "logo": "assets/projects/dsp_kaiser.png"
    },
    {
        "repo": "MyShell",
        "title": "MyShell",
        "logo": "assets/projects/shell.png"
    },
    {
        "repo": "SodokuMultithread",
        "title": "Soduku Validator Multithread",
        "logo": "assets/projects/sodoku.png"
    },
    {
        "repo": "TuringMachine-TimezoneTravelCalculator",
        "title": "Timezone Travel Calculator",
        "logo": "assets/projects/turing_machine.png"
    },
    {
        "repo": "AOSP-Tools",
        "title": "AOSP Tools",
        "logo": "assets/projects/aosp-tools.png"
    },
    {
        "repo": "Android-Emulator-MicVolumeStabilizer",
        "title": "Android Emulator Microphone Stabilizer",
        "logo": "assets/projects/mic-stabilizer.png"
    },
    {
        "repo": "AOSP-CarSettings",
        "title": "AOSP CarSettings Customization",
        "logo": "assets/projects/car-settings.png"
    },
    {
        "repo": "AOSP-AndroidHAL",
        "title": "AOSP Android HAL",
        "logo": "assets/projects/hal.png"
    }


]